<?xml version="1.0" encoding="UTF-8"?>
<persistence version="1.0"
	xmlns="http://java.sun.com/xml/ns/persistence" xmlns:xsi="http://www.w3.org/2001/XMLSchema-instance"
	xsi:schemaLocation="http://java.sun.com/xml/ns/persistence http://java.sun.com/xml/ns/persistence/persistence_1_0.xsd">

 	<persistence-unit name="cyclePU" transaction-type="RESOURCE_LOCAL">
        <provider>org.hibernate.ejb.HibernatePersistence</provider>
		
        <non-jta-data-source>jdbc/CycleDS</non-jta-data-source>
		
        <class>org.camunda.bpm.cycle.entity.AbstractEntity</class>
        <class>org.camunda.bpm.cycle.entity.BpmnDiagram</class>
        <class>org.camunda.bpm.cycle.entity.ConnectorConfiguration</class>
        <class>org.camunda.bpm.cycle.entity.ConnectorCredentials</class>
        <class>org.camunda.bpm.cycle.entity.Roundtrip</class>
        <class>org.camunda.bpm.cycle.entity.User</class>
		<properties>		
			<property name="hibernate.hbm2ddl.auto" value="update" />			
			<property name="hibernate.show_sql" value="false" />
		</properties>
	</persistence-unit>

</persistence>